Player,Pos,Tm,YEAR
Randall Cobb,WR,HOU,2020
Emmanuel Sanders,WR,NOR,2020
Robby Anderson,WR,CAR,2020
Breshad Perriman,WR,NYJ,2020
Seth Roberts,WR,CAR,2020
Devin Funchess,WR,GNB,2020
Demarcus Robinson,WR,KAN,2020
Chris Moore,WR,BAL,2020
Damiere Byrd,WR,NWE,2020
Pharoh Cooper,WR,CAR,2020
Corey Coleman,WR,NYG,2020
Tavon Austin,WR,SFO,2020
Travis Benjamin,WR,SFO,2020
Marqise Lee,WR,NWE,2020
Geronimo Allison,WR,DET,2020
Geremy Davis,WR,DET,2020
Cody Latimer,WR,WAS,2020
Phillip Dorsett,WR,SEA,2020
Nelson Agholor,WR,OAK,2020
Tajae Sharpe,WR,MIN,2020
Jojo Natson,WR,CLE,2020
Isaiah McKenzie,WR,BUF,2020
Darius Jennings,WR,LAC,2020
Chris Hogan,WR,NYJ,2020
Chester Rogers,WR,MIA,2020
Dontrelle Inman,WR,WAS,2020
Rashard Higgins,WR,CLE,2020
Laquon Treadwell,WR,ATL,2020
Mike Thomas,WR,CIN,2020
Austin Carr,WR,NOR,2020
Marcus Johnson,WR,IND,2020
Andrew White,WR,CAR,2020
Keith Kirkwood,WR,CAR,2020
Malik Turner,WR,GNB,2020
Trevor Davis,WR,CHI,2020
Marcus Kemp,WR,KAN,2020
Dylan Cantrell,WR,ARI,2020
Terry Godwin,WR,JAX,2020
Bryant Mitchell,WR,TAM,2020
Ray McCloud,WR,PIT,2020
Krishawn Hogan,WR,TEN,2020
Jaron Brown,WR,SFO,2020
Andre Patton,WR,ARI,2020
Will Hastings,WR,NWE,2020
Quincy Enunwa,WR,TBD,2020
Paul Richardson,WR,TBD,2020
Taylor Gabriel,WR,TBD,2020
Demaryius Thomas,WR,TBD,2020
Jarius Wright,WR,TBD,2020
Josh Gordon,WR,TBD,2020
Dwayne Harris,WR,TBD,2020
Cody Latimer,WR,TBD,2020
Russell Shepard,WR,TBD,2020
Jermaine Kearse,WR,TBD,2020
Justin Hardy,WR,TBD,2020
Ryan Grant,WR,TBD,2020
Jordan Matthews,WR,TBD,2020
Johnny Holton,WR,TBD,2020
Josh Malone,WR,TBD,2020
Shelton Gibson,WR,TBD,2020
Trevor Davis,WR,TBD,2020
Lance Lenoir,WR,TBD,2020
Ahmad Thomas,WR,TBD,2020
Felton Davis,WR,TBD,2020
Steve Ishmael,WR,TBD,2020
Amba Etta-Tawo,WR,TBD,2020
Davion Davis,WR,TBD,2020
Taquan Mizzell,WR,TBD,2020
George Mariner,WR,TBD,2020
Anthony Ratliff-Williams,WR,TBD,2020
Jermiah Braswell,WR,TBD,2020
Maurice Harris,WR,TBD,2020
Tommylee Lewis,WR,TBD,2020
Quadree Henderson,WR,TBD,2020
Rashad Medaris,WR,TBD,2020
Rodney Adams,WR,TBD,2020
Damion Jeanpiere,WR,TBD,2020
Malik Henry,WR,TBD,2020
Travis Jonsen,WR,TBD,2020
Vontae Hights,WR,TBD,2020
Brandon Polk,WR,TBD,2020
Trevion Thompson,WR,TBD,2020
Kelvin McKnight,WR,TBD,2020
Nick Easley,WR,TBD,2020
Sean Riley,WR,TBD,2020
Isaiah Zuber,WR,TBD,2020
Cody White,WR,TBD,2020
Kyle Williams,WR,TBD,2020
Michael Dereus,WR,TBD,2020
Andre Baccellia,WR,TBD,2020
Aleva Hifo,WR,TBD,2020
River Cracraft,WR,TBD,2020
Marken Michel,WR,TBD,2020
Bralon Addison,WR,TBD,2020
Sean Modster,WR,TBD,2020
Greg Dortch,WR,TBD,2020
Shane Leatherbury,WR,TBD,2020
Kendrick Rogers,WR,TBD,2020
Devin Phelps,WR,TBD,2020
Bug Howard,WR,TBD,2020
Reggie White,WR,TBD,2020
Tim White,WR,TBD,2020
Keon Hatcher,WR,TBD,2020
Charone Peake,WR,TBD,2020
Tony Brown,WR,TBD,2020
Todd Rahming,WR,TBD,2020
